<?xml version="1.0" encoding="UTF-8"?>
<beans
        xmlns="http://www.springframework.org/schema/beans"
        xmlns:xsi="http://www.w3.org/2001/XMLSchema-instance"
        xmlns:context="http://www.springframework.org/schema/context"
        xmlns:aop="http://www.springframework.org/schema/aop"
        xmlns:tx="http://www.springframework.org/schema/tx"
        xmlns:p="http://www.springframework.org/schema/p"
        xsi:schemaLocation="http://www.springframework.org/schema/beans http://www.springframework.org/schema/beans/spring-beans-3.0.xsd
    http://www.springframework.org/schema/context
    http://www.springframework.org/schema/context/spring-context-4.3.xsd
    http://www.springframework.org/schema/aop
    http://www.springframework.org/schema/aop/spring-aop-4.3.xsd
    http://www.springframework.org/schema/tx
    http://www.springframework.org/schema/tx/spring-tx-4.3.xsd">

    <!-- @Component, @Repository, @Service, @Controller, @Autowired, @Resources -->
    <!-- 用注解进行开发 -->
    <context:annotation-config></context:annotation-config>
    <!-- 注解扫描包 -->
    <context:component-scan base-package="com.example">
        <!-- 这里不加载Controller的bean -->
        <context:exclude-filter type="annotation" expression="org.springframework.stereotype.Controller"/>
    </context:component-scan>

    <!-- 1. 数据源 -->
    <!-- 读取db.properties文件. 读取到数据库信息 -->
    <context:property-placeholder location="classpath:db.properties"/>
    <bean id="dataSource" class="com.alibaba.druid.pool.DruidDataSource">
        <property name="driverClassName" value="${jdbc.driver}"></property>
        <property name="url" value="${jdbc.url}"></property>
        <property name="username" value="${jdbc.username}"></property>
        <property name="password" value="${jdbc.password}"></property>
    </bean>

    <!-- 2.  创建sqlSessionFactory ==> mybatis核心配置文件的读取 -->
    <bean id="sqlSessionFactory" class="org.mybatis.spring.SqlSessionFactoryBean">
        <property name="dataSource" ref="dataSource"></property>
        <property name="configLocation" value="classpath:mybatis-config.xml"></property>
        <property name="mapperLocations" value="classpath:mapper/*.xml"/>
    </bean>

    <!-- 3.扫描mybatis的mapper接口路径 -->
    <!-- 这个bean可以把我们的mapper接口直接扫描到. 直接把接口扫描完. 注册到spring的bean中 -->
    <bean class="org.mybatis.spring.mapper.MapperScannerConfigurer">
        <property name="sqlSessionFactoryBeanName" value="sqlSessionFactory"></property>
        <!-- 会在提供的base包下寻找interface .根据interface的名字. 将首字母小写生成这个接口所对应的bean -->
        <property name="basePackage" value="com.example.mapper"></property>
    </bean>

    <!-- 4.事务处理 -->
    <bean id="transactionManager" class="org.springframework.jdbc.datasource.DataSourceTransactionManager">
        <property name="dataSource" ref="dataSource"></property>
    </bean>

    <tx:advice id="txManager" transaction-manager="transactionManager">
        <tx:attributes>
            <tx:method name="get*" read-only="true"/>
            <tx:method name="query*" read-only="true"/>
            <tx:method name="search*" read-only="true"/>
            <tx:method name="select*" read-only="true"/>
            <tx:method name="find*" read-only="true"/>
            <tx:method name="*"  isolation="DEFAULT" propagation="REQUIRED"/>
        </tx:attributes>
    </tx:advice>

    <aop:config>
        <aop:pointcut expression="execution(* com.example.service.*.*.*(..))" id="cut"/>
        <aop:advisor advice-ref="txManager" pointcut-ref="cut"/>
    </aop:config>

    <!-- 用注解处理事务
    <tx:annotation-driven transaction-manager="transactionManager"/>
 -->
</beans>